Einstellung;Wert
Exportzeitpunkt;2025-12-04T14:08:06.364Z
Simulationstyp;Monte-Carlo
Anzahl Simulationen;1000
Volatilität p.a.;15%

=== EINGABEPARAMETER ===;
start_savings;4000
start_etf;100
monthly_savings;100
monthly_etf;150
savings_rate_pa;3
etf_rate_pa;7
etf_ter_pa;0.19
savings_target;5000
annual_raise_percent;3
savings_years;36
withdrawal_years;30
monthly_payout_net;
monthly_payout_percent;4
withdrawal_min;0
withdrawal_max;0
inflation_adjust_withdrawal;true
special_payout_net_savings;15000
special_interval_years_savings;10
inflation_adjust_special_savings;true
special_payout_net_withdrawal;15000
special_interval_years_withdrawal;10
inflation_adjust_special_withdrawal;true
inflation_rate_pa;2
sparerpauschbetrag;1000
kirchensteuer;keine
basiszins;2.53
rent_mode;percent
capital_preservation_enabled;true
capital_preservation_threshold;80
capital_preservation_reduction;25
capital_preservation_recovery;10

=== ZUSAMMENFASSUNG ===;
Erfolgswahrscheinlichkeit;75.4%
Kapitalerhalt-Rate;51.1%
Pleite-Risiko;25.6%

Endvermögen (Median);531587.41
Endvermögen (10%-Perzentil);0.00
Endvermögen (90%-Perzentil);4161947.63
Endvermögen (5%-Perzentil, Worst);0.00
Endvermögen (95%-Perzentil, Best);7558646.39
Endvermögen (Durchschnitt);1722794.37

Endvermögen real (Median);143867.72
Endvermögen real (10%-90%);0.00 - 1126380.89
Vermögen bei Rentenbeginn (Median);448441.08

=== SEQUENCE-OF-RETURNS RISK ===;
SoRR-Spreizung;696.1%
Früher Crash-Effekt;-84.7%
Früher Boom-Effekt;+154.7%
Korrelation frühe Rendite <-> Endvermögen;38.9%
Endvermögen (schlechte Sequenz);243385.58
Endvermögen (gute Sequenz);4048410.28
Kritisches Fenster;Jahr 1-10

=== PERZENTILE PRO MONAT ===;;;;;;;;
Monat;Jahr;P5;P10;P25;P50 (Median);P75;P90;P95
1;1;4353.03;4354.73;4357.39;4360.38;4363.35;4365.67;4367.13
2;1;4602.88;4607.86;4614.61;4622.25;4629.15;4636.21;4640.43
3;1;4851.69;4858.17;4871.31;4884.81;4898.88;4912.16;4918.68
4;1;5097.24;5107.74;5126.52;5147.57;5168.81;5187.45;5203.57
5;1;5341.20;5357.78;5384.52;5410.91;5442.55;5467.97;5482.14
6;1;5589.32;5606.92;5639.48;5679.08;5716.20;5756.28;5780.40
7;1;5827.39;5852.46;5893.82;5943.74;5993.90;6036.19;6066.39
8;1;6064.59;6098.25;6154.03;6211.20;6273.01;6325.51;6351.83
9;1;6299.98;6346.33;6405.79;6480.27;6556.23;6619.85;6651.85
10;1;6544.17;6597.36;6669.12;6749.73;6836.95;6920.56;6968.32
11;1;6801.14;6836.52;6927.54;7029.58;7121.44;7226.35;7284.12
12;1;7040.11;7087.27;7184.91;7300.62;7420.35;7532.44;7597.20
13;2;7280.81;7340.77;7458.39;7585.46;7725.73;7852.77;7941.79
14;2;7527.20;7602.12;7720.85;7874.18;8030.26;8167.48;8269.13
15;2;7750.95;7856.50;8000.66;8156.82;8331.37;8485.92;8612.58
16;2;8032.20;8107.03;8259.15;8446.72;8642.39;8834.56;8949.29
17;2;8244.00;8360.26;8525.91;8740.22;8978.49;9160.40;9305.04
18;2;8458.91;8578.27;8789.05;9043.54;9291.02;9546.77;9693.76
19;2;8683.58;8796.37;9088.17;9318.78;9631.75;9892.64;10043.57
20;2;8918.12;9075.97;9365.10;9617.13;9916.79;10242.82;10442.44
21;2;9147.62;9314.03;9601.32;9948.74;10231.77;10535.41;10771.08
22;2;9413.62;9560.35;9870.33;10231.97;10575.57;10922.47;11111.96
23;2;9597.42;9806.52;10138.96;10523.98;10903.74;11256.26;11510.60
24;2;9822.19;10044.36;10411.53;10824.42;11241.85;11647.01;11914.05
25;3;10071.95;10300.01;10691.76;11095.64;11601.29;12088.92;12371.59
26;3;10335.21;10559.28;10953.51;11408.44;11963.49;12410.43;12747.72
27;3;10592.96;10806.77;11263.67;11706.92;12288.29;12837.78;13149.97
28;3;10809.42;11039.58;11518.67;12032.73;12634.19;13291.85;13633.41
29;3;11025.27;11242.72;11807.70;12379.36;12963.12;13680.18;14076.63
30;3;11274.03;11558.62;12060.64;12670.71;13376.74;14076.15;14469.29
31;3;11478.82;11792.92;12359.02;12998.59;13728.31;14469.61;14964.39
32;3;11736.46;12045.23;12602.55;13336.12;14050.47;14957.25;15414.07
33;3;11955.40;12271.40;12908.99;13624.31;14475.30;15319.91;15764.13
34;3;12179.01;12498.03;13189.41;13986.56;14808.48;15688.80;16173.75
35;3;12396.46;12779.03;13455.30;14301.69;15171.01;16122.31;16622.05
36;3;12635.92;13094.00;13719.85;14593.32;15597.64;16511.83;17068.31
37;4;12898.62;13308.45;14024.96;15003.98;15953.35;16961.35;17510.67
38;4;13128.04;13563.20;14380.98;15351.07;16324.66;17310.71;18028.90
39;4;13376.27;13842.07;14650.46;15622.69;16735.25;17816.93;18479.14
40;4;13624.77;14110.16;14940.04;15910.05;17090.03;18223.96;19054.87
41;4;13835.37;14321.02;15247.83;16260.91;17576.03;18669.79;19446.37
42;4;14098.84;14543.17;15547.42;16663.29;17970.70;19154.17;19986.07
43;4;14372.80;14842.98;15839.97;17053.51;18317.73;19703.54;20495.82
44;4;14687.01;15244.57;16148.60;17339.19;18724.90;20213.13;21164.91
45;4;14839.09;15392.07;16469.83;17722.27;19167.38;20724.27;21900.93
46;4;15137.74;15761.84;16790.77;18137.17;19649.20;21222.37;22291.34
47;4;15446.57;15984.31;17054.83;18428.46;20044.76;21777.77;22998.25
48;4;15638.94;16220.49;17361.01;18802.13;20528.01;22260.88;23636.02
49;5;15824.81;16546.78;17691.82;19158.94;20960.41;22937.97;24135.87
50;5;16037.94;16854.74;18073.83;19617.23;21399.10;23526.02;24627.45
51;5;16347.96;17241.39;18275.67;19955.62;21886.72;23933.88;25298.27
52;5;16613.86;17324.32;18669.28;20348.93;22396.81;24422.45;26022.76
53;5;16765.41;17666.15;18947.63;20782.65;22701.08;25081.35;26692.61
54;5;17135.81;17889.63;19286.01;21155.34;23242.10;25678.50;27189.07
55;5;17287.41;18082.33;19534.25;21536.87;23626.45;26294.70;27662.22
56;5;17514.24;18370.44;19976.28;22054.49;24258.47;26606.94;28192.05
57;5;17830.07;18694.15;20295.37;22364.41;24708.19;27211.86;28788.05
58;5;17937.61;18974.68;20600.40;22816.91;25019.66;27770.82;29476.70
59;5;18248.45;19135.71;20895.15;23248.39;25805.69;28419.07;29746.69
60;5;18448.62;19434.92;21216.23;23652.70;26125.63;28895.24;30549.47
61;6;18807.32;19823.23;21584.80;23926.37;26607.15;29631.77;31375.45
62;6;19036.11;20002.10;21891.14;24270.64;27122.35;30016.45;31453.76
63;6;19355.70;20029.58;22330.12;24654.59;27671.46;30452.95;32283.20
64;6;19660.11;20471.28;22714.17;25041.59;28105.34;31028.83;33039.45
65;6;19901.78;20833.51;22854.97;25435.48;28453.54;31552.07;33307.91
66;6;20180.98;21237.34;23115.48;25783.47;29195.21;32154.68;34343.65
67;6;20499.68;21581.60;23476.35;26555.56;29604.88;32510.70;34486.51
68;6;20656.71;21658.15;23855.08;26851.50;30187.05;33213.16;35421.92
69;6;20908.26;21991.82;24166.37;27261.44;30749.39;33891.15;35979.65
70;6;21158.93;22497.82;24572.45;27509.89;31241.32;34477.77;36944.05
71;6;21493.88;22671.28;24909.14;28103.91;31608.96;34958.60;37716.51
72;6;21887.16;22924.31;25143.30;28616.57;32311.70;35831.96;38496.23
73;7;22311.67;23272.68;25651.82;28895.36;32829.99;37052.28;39473.82
74;7;22283.81;23656.30;25983.83;29460.57;33591.23;37611.80;39981.60
75;7;22820.66;23920.03;26419.32;29988.25;34014.85;37965.21;40852.29
76;7;23087.58;24175.73;26849.95;30543.58;34599.36;38721.74;41648.12
77;7;23318.52;24597.40;27180.35;30972.72;35252.60;39651.91;42345.91
78;7;23813.93;25012.05;27639.74;31457.24;35796.86;39982.58;43246.89
79;7;23918.01;25304.55;27949.21;32215.97;36404.20;41056.34;43407.36
80;7;23956.60;25424.36;28344.78;32510.35;36986.97;41583.65;44817.61
81;7;24247.66;25768.86;28946.85;32940.52;37623.32;42340.13;45109.29
82;7;24529.48;26304.99;29267.23;33523.29;38417.25;43005.66;45958.16
83;7;24904.58;26640.26;29796.68;33984.47;38669.63;43984.88;47381.44
84;7;25368.17;26792.70;30131.93;34353.19;39715.13;44554.75;47974.05
85;8;25612.38;27244.57;30621.30;34696.95;40320.17;45937.86;49152.34
86;8;26118.92;27521.47;30972.59;35274.32;40746.19;46618.05;49845.50
87;8;26394.11;27893.64;31160.35;35741.92;41417.00;47307.37;51008.08
88;8;26754.79;28399.32;31648.48;36388.10;42073.33;48370.32;51813.17
89;8;27085.33;28679.00;32099.04;36789.81;42600.90;49162.85;53070.76
90;8;27205.63;29141.58;32604.83;37417.88;43068.76;50303.11;53998.85
91;8;27685.01;29134.34;32771.41;37919.48;43855.01;50819.07;55285.93
92;8;27617.49;29555.72;33344.48;38507.30;44469.68;51331.02;56182.30
93;8;28074.99;30041.74;33622.29;38835.74;44996.15;52192.50;56860.67
94;8;28073.68;30451.13;34210.59;39339.02;45557.20;52625.03;58087.93
95;8;28620.51;30725.60;34460.26;39779.92;46308.42;53807.16;58839.78
96;8;28894.76;31089.61;34931.30;40454.90;46929.45;54574.93;59614.34
97;9;29416.85;31251.87;35503.52;40949.35;47778.79;55848.31;60704.42
98;9;29675.92;31723.59;35993.71;41728.45;48703.56;56179.56;61270.56
99;9;29812.94;31806.36;36276.91;41959.90;49302.56;57739.96;63238.57
100;9;30200.27;32313.67;36753.09;42452.25;49778.02;58254.46;63925.48
101;9;30241.77;32917.98;37040.10;42911.14;50399.56;59268.56;64712.69
102;9;30496.47;33515.16;37583.50;43392.01;51703.11;59813.44;65996.99
103;9;30934.64;33691.26;38136.21;43992.26;51840.48;60876.28;65851.74
104;9;30961.11;34008.98;38486.60;44499.31;52469.65;61816.37;68460.73
105;9;31402.45;33953.14;39211.49;45341.96;53340.47;62153.60;69351.82
106;9;31742.51;34744.90;39122.93;45637.20;54079.78;64526.67;68791.88
107;9;32526.58;34579.40;39631.30;46249.10;54860.81;64704.76;69776.66
108;9;32525.35;35121.87;40425.48;46796.09;55912.20;64840.50;71322.76
109;10;32954.10;35616.27;40838.10;47562.08;56624.05;66117.67;73291.73
110;10;33459.18;36004.85;41136.96;48211.84;57339.92;67579.75;74759.22
111;10;34117.93;36689.74;41632.92;48712.58;58316.39;68264.86;75563.49
112;10;34355.13;37200.83;42280.96;49250.98;59204.78;69611.57;76447.24
113;10;34834.97;37188.33;42921.55;49997.26;60092.11;70668.31;77212.77
114;10;34689.26;37861.95;43037.53;50239.95;60423.38;71891.90;78669.27
115;10;35071.97;38169.57;43551.06;50867.38;61555.24;72302.79;78887.32
116;10;35176.00;38551.33;43822.04;51673.57;63044.36;73497.96;81193.91
117;10;35892.72;38804.29;44888.95;52032.81;62523.82;74511.33;82395.80
118;10;36158.30;39430.72;44890.63;52727.95;63330.22;75917.76;83859.16
119;10;36406.97;39629.59;45242.39;53672.43;64307.93;77239.36;84745.30
120;10;18760.13;22389.83;27996.08;35972.60;47232.96;59155.71;66421.61
121;11;18741.87;22351.99;28449.53;36427.75;47753.40;59461.77;67367.06
122;11;19137.09;22589.86;28586.24;36726.40;48045.56;59936.13;67804.53
123;11;19442.63;23087.74;29056.14;37260.65;48751.76;60685.28;69888.90
124;11;19688.55;23472.40;29469.01;38120.89;49035.00;61829.83;69502.00
125;11;20217.38;23819.23;30019.16;38512.95;49872.41;62680.71;70059.36
126;11;20624.92;23741.42;30295.90;38759.10;50093.80;63125.71;71248.07
127;11;21132.09;24521.38;30933.53;39085.18;50992.22;63907.04;71666.39
128;11;21276.30;24583.32;31287.18;39816.81;51873.75;65079.15;74065.98
129;11;21645.13;25122.72;31978.48;40418.30;52398.69;65300.80;73251.09
130;11;22162.48;25749.35;32109.16;40703.81;53001.40;65352.34;74720.03
131;11;22384.62;26198.29;32823.03;41221.43;53509.09;66114.53;75483.56
132;11;22894.56;26798.23;33230.84;41956.07;53978.14;67348.60;76776.74
133;12;23147.10;26896.48;34016.35;42489.13;55113.44;68309.56;77943.66
134;12;23765.57;27341.91;34359.42;43412.19;55528.18;68898.41;78277.04
135;12;24485.15;28013.74;34718.38;43752.65;56358.32;70260.58;79720.53
136;12;24678.03;28301.11;35126.66;44284.52;57468.23;71085.83;79979.72
137;12;25126.73;28437.85;35950.16;44889.78;58052.27;71456.58;81375.74
138;12;25494.31;28831.43;36229.84;45630.56;58314.46;72662.88;82141.24
139;12;25928.20;29513.81;36370.20;46316.54;59377.60;73146.53;84162.66
140;12;26136.49;29810.54;36689.91;46713.89;60655.27;75067.00;85735.55
141;12;27032.07;30543.63;37371.58;47357.68;61035.34;75024.76;86380.00
142;12;27323.66;30935.01;37926.62;48119.20;61412.75;76639.46;88633.83
143;12;27773.96;31226.03;38510.77;48906.24;62564.08;77724.04;88183.35
144;12;28335.64;31726.65;38905.26;48978.94;63069.56;79449.32;89304.25
145;13;28938.64;32419.14;39738.59;50190.05;64046.27;80943.67;90947.35
146;13;29139.43;33122.06;40135.61;50347.71;65435.65;82060.27;91246.69
147;13;29277.58;33161.01;40371.16;51109.65;66619.73;82053.05;92718.98
148;13;29554.57;33882.47;41040.02;51730.21;67099.07;83037.00;94288.56
149;13;29810.98;34093.31;41383.97;52452.94;67671.80;84673.10;95222.09
150;13;30402.73;34411.01;41864.73;53011.09;68681.32;85000.96;98025.75
151;13;31254.67;34575.29;42822.17;53534.78;69633.94;85507.19;98287.45
152;13;31167.68;35394.72;43290.39;54406.51;70558.75;86455.10;98829.85
153;13;31496.05;35826.07;43897.98;55293.65;70428.80;88140.40;99919.75
154;13;31865.28;35857.74;44125.02;55834.65;71025.26;88599.66;101262.34
155;13;32520.56;36726.81;44660.77;56219.26;72153.20;90814.33;103789.93
156;13;32713.26;36800.64;45544.19;56778.50;72673.30;91434.47;102888.85
157;14;32660.50;37557.30;46365.90;57227.34;73701.06;91815.42;104824.03
158;14;32940.50;37744.00;47046.09;57759.96;74012.34;93533.46;107054.59
159;14;33763.64;38014.09;47384.60;58432.85;75399.23;93996.17;108279.16
160;14;34062.09;38259.75;48146.96;58829.80;76337.56;95713.38;109318.74
161;14;34482.79;38952.37;48653.15;59464.39;77138.93;97835.06;110275.88
162;14;34798.89;39656.55;49115.82;60037.32;78276.48;99371.23;112484.97
163;14;35538.73;40271.79;49754.49;60638.76;79684.19;100370.76;115202.70
164;14;35674.43;40441.10;49789.08;61279.34;80674.26;101084.94;117231.96
165;14;35968.72;40675.22;50377.82;62113.50;80682.48;101574.90;118812.01
166;14;36085.05;40710.15;51182.25;62903.91;81516.29;103743.89;118244.26
167;14;36538.85;41771.87;51116.61;64026.76;81677.19;104936.05;120005.66
168;14;36908.69;42005.19;51749.61;65521.58;83270.59;104979.85;122395.89
169;15;37530.05;42097.53;52466.38;65524.83;84363.69;106357.14;123876.29
170;15;37957.62;42277.72;52832.83;66927.23;84584.87;107701.84;122993.55
171;15;38034.35;43350.91;53485.93;67470.85;85931.73;107104.75;124731.66
172;15;38653.33;43933.72;53667.06;68660.28;87234.16;108850.33;126502.86
173;15;38628.87;44701.63;54433.89;69054.91;87297.35;112693.33;127508.85
174;15;38899.31;44578.85;55050.70;69663.85;87984.64;113289.05;125093.19
175;15;39794.87;44835.71;55383.69;70696.12;88607.72;114341.18;127350.51
176;15;40205.61;45647.39;56322.04;71127.08;89655.04;115001.29;127929.55
177;15;40385.43;45669.86;56472.46;71917.77;91177.08;116649.94;131293.35
178;15;41071.07;45718.02;57676.38;72431.54;91698.16;119396.70;132256.10
179;15;41380.14;46404.20;58078.21;73892.77;93498.99;120636.66;134026.84
180;15;41591.21;46787.67;58999.74;74221.96;93733.03;120526.18;132894.69
181;16;42125.43;47009.50;59420.69;75511.82;94723.69;122960.09;137222.87
182;16;42901.98;47169.19;59958.84;76606.75;95892.64;123753.51;140206.31
183;16;43227.50;48410.94;60221.10;77363.34;98063.60;125036.20;141137.69
184;16;42930.19;49475.89;60567.93;78296.92;98191.62;125791.89;142188.63
185;16;43563.22;50371.14;61446.10;79525.59;99443.71;128730.62;142690.25
186;16;44720.00;50702.41;62333.99;80413.54;101407.04;128595.21;143491.49
187;16;45269.14;51082.17;62632.24;81018.17;102526.13;130521.30;147165.25
188;16;45884.76;51792.38;63674.98;82955.89;104796.11;131989.72;150020.89
189;16;45853.51;52369.14;64607.24;83389.69;105619.75;133875.71;150588.72
190;16;47246.26;52996.34;65300.25;84006.36;106481.35;134969.48;150736.62
191;16;47295.68;53051.75;65719.18;84887.16;107384.43;136407.76;154451.95
192;16;48354.40;53837.09;66101.11;85091.15;108766.61;136787.93;156841.75
193;17;49038.46;53968.84;67524.35;86486.31;109799.67;138246.29;157896.10
194;17;49166.53;55109.43;68386.35;87264.30;111318.25;138918.81;161449.01
195;17;50187.32;55492.01;68674.75;88108.83;113184.30;139277.22;161581.77
196;17;50295.11;56311.03;68712.96;89365.08;113868.71;141276.39;162324.35
197;17;51130.74;56314.29;69518.72;88875.42;114561.70;145278.84;162929.84
198;17;51552.50;56744.67;70275.73;89386.35;115458.63;145307.73;164253.04
199;17;51513.61;57228.92;71322.32;90973.60;116832.27;147698.08;168468.88
200;17;52520.25;58126.07;72352.30;91525.01;118267.88;150036.76;170551.59
201;17;53155.80;58339.64;72487.60;92560.07;119688.01;152846.24;171861.73
202;17;53026.00;59956.12;73789.30;93539.24;120362.48;153692.02;175705.94
203;17;52939.39;59974.99;74292.80;94727.31;121237.78;153217.74;179220.45
204;17;53556.29;60535.58;74720.01;94944.07;122589.42;156810.86;181660.42
205;18;53283.46;61558.32;75368.86;96313.78;123983.46;157474.23;182458.93
206;18;54492.09;61624.37;75894.15;97951.30;125061.48;158259.98;187982.60
207;18;54388.00;61773.53;75706.57;99911.76;126898.86;161404.02;186360.30
208;18;55680.19;62670.68;77157.22;100615.46;128033.51;161507.31;188580.75
209;18;56233.74;63264.29;77845.98;101351.98;128503.06;165189.45;188819.89
210;18;56781.48;64041.52;78956.18;100971.73;129921.75;168282.55;193352.15
211;18;57117.97;64106.85;79436.53;102355.68;130903.24;168232.77;197399.00
212;18;58112.73;64537.07;79961.66;103219.47;131632.99;170525.91;198438.15
213;18;58780.46;65580.70;80154.12;104108.88;134369.56;173540.38;199234.07
214;18;59382.40;66381.24;81074.63;104648.41;135543.70;176869.78;206885.03
215;18;59283.95;66791.82;82305.27;105793.24;137005.24;177609.70;207011.08
216;18;59323.23;67209.38;83641.92;106364.44;138611.54;177922.32;209788.17
217;19;60702.84;67012.75;84389.57;108647.52;139790.49;180316.46;211492.57
218;19;60454.28;68331.96;85007.78;109387.26;142269.73;183264.80;214994.10
219;19;60340.28;68637.50;86016.10;110006.36;143940.69;184920.81;220700.99
220;19;61504.86;68751.08;87136.61;111453.18;145776.94;185476.40;219848.84
221;19;62171.38;69185.86;88298.88;112430.65;145519.13;187046.18;221548.10
222;19;61998.98;71033.28;87792.98;113522.25;147075.62;189180.22;224501.59
223;19;63263.30;71716.14;88411.31;113964.56;147916.53;193910.13;231449.46
224;19;63140.48;72449.17;89864.31;115651.44;150331.00;197605.33;231018.75
225;19;64448.47;72249.72;90158.88;116061.13;152324.99;194819.86;234196.59
226;19;65244.38;73503.15;91900.87;117009.58;153056.78;198765.40;233448.11
227;19;66118.89;74019.34;92061.45;118112.22;154856.08;202689.14;239882.10
228;19;65832.39;75411.13;92759.80;118956.06;156880.44;203450.88;241822.54
229;20;66497.14;75753.05;93903.15;119188.03;160204.93;208465.25;240366.35
230;20;67742.55;76333.73;94392.62;121325.90;159898.27;205634.13;243167.41
231;20;68182.99;76924.92;94905.57;122354.71;161926.08;211900.61;248639.48
232;20;66739.36;76922.18;94971.15;123523.72;161727.64;212296.20;250621.32
233;20;68702.24;78223.15;96048.72;124744.75;164243.25;216128.11;253239.00
234;20;69103.75;77723.97;96790.87;125238.63;166329.31;215964.12;255330.76
235;20;70045.70;79070.77;98426.33;126566.34;167728.57;218914.38;255546.78
236;20;70127.84;79725.99;99338.31;129027.32;168953.08;219603.67;259723.57
237;20;69550.10;80470.59;100363.46;130483.35;170201.46;226015.49;266102.94
238;20;71901.21;81005.64;100479.21;132981.87;170491.31;225329.74;269677.93
239;20;71113.11;81882.16;101437.27;133803.90;173604.79;227640.73;273282.55
240;20;49593.73;60666.08;80901.14;112572.82;152688.93;207652.05;251599.85
241;21;50073.76;60097.77;81367.84;113197.31;154020.89;209108.16;247047.47
242;21;51216.18;61731.01;82522.74;113942.26;155202.19;211613.42;246284.76
243;21;52243.71;61407.24;81942.25;115180.89;156016.58;211576.30;256748.35
244;21;52953.83;62816.68;82952.38;115573.31;158011.17;213604.22;255274.25
245;21;53254.04;62608.41;85131.72;115993.37;159785.44;215812.37;259224.67
246;21;54894.26;63545.47;85526.31;117335.23;160883.13;216368.37;255145.83
247;21;55075.69;64209.43;86632.98;119480.04;163229.34;218460.42;259377.63
248;21;55949.48;65273.36;88424.43;120672.53;162475.27;221137.79;259323.89
249;21;55853.48;66131.62;89437.13;121297.58;164194.88;220915.84;259058.76
250;21;57562.51;66398.89;90018.47;121967.75;165851.92;222276.18;265663.47
251;21;57843.73;67588.47;91253.85;122999.53;168679.68;225672.16;263789.15
252;21;58989.19;69189.74;91841.67;124417.62;168842.06;228029.55;264945.06
253;22;59941.25;69496.66;93004.87;124698.80;171582.06;231630.05;269202.30
254;22;60485.46;70053.79;93464.69;126776.29;174284.51;233648.03;272154.54
255;22;60797.79;71381.50;93134.93;127701.00;177315.48;236862.73;271080.92
256;22;61099.34;70774.21;93926.23;129063.06;178640.73;239472.89;274645.50
257;22;63189.03;71708.32;94486.76;131711.57;178785.80;238643.15;275034.40
258;22;62538.01;72370.08;95789.98;132734.93;182787.12;241204.46;279059.22
259;22;63570.42;73227.09;95865.48;134187.70;183320.58;240489.22;279978.23
260;22;64166.36;74621.30;97131.06;135185.40;185508.05;239904.58;289307.86
261;22;64794.44;74085.28;99088.32;136782.65;186515.36;243657.07;292205.12
262;22;65181.48;75470.44;99776.84;137156.01;187706.80;245737.89;297949.95
263;22;66768.36;76173.06;99982.72;138256.50;187656.68;248639.70;299044.99
264;22;67483.24;77773.60;100492.49;139656.20;188999.16;253525.99;303124.84
265;23;68143.83;78321.01;101425.44;141494.89;191669.33;255881.65;306724.54
266;23;69281.90;78539.79;102497.16;142896.61;191456.79;258080.00;308399.21
267;23;70082.09;79801.64;104532.16;144253.61;193333.11;260702.35;313853.77
268;23;69714.02;80306.61;104778.44;144721.33;193348.99;261837.12;315545.77
269;23;71082.74;80611.28;106379.15;146164.57;193888.49;263977.58;316784.48
270;23;71527.17;80741.08;107489.64;146937.93;197249.72;269737.46;323672.63
271;23;72650.44;81724.74;107510.21;147052.96;198146.56;275107.77;319568.83
272;23;72591.32;83198.04;108075.93;147537.98;201902.07;272047.38;327611.03
273;23;73435.53;83817.89;109459.66;150107.48;203276.47;279085.84;335033.32
274;23;74080.63;84587.85;111178.20;151227.59;205061.74;285491.98;333375.32
275;23;74158.39;84312.21;112041.92;151896.14;206789.57;283296.99;333338.47
276;23;74400.91;86182.19;113010.94;152840.61;209009.17;283364.52;340489.21
277;24;73682.95;87160.84;114063.01;154015.07;210898.48;286889.67;341482.57
278;24;74729.13;87447.72;115299.68;155684.43;214170.05;288704.49;351268.83
279;24;77123.44;88147.68;116413.81;157471.27;217302.01;291725.68;353325.77
280;24;77133.55;90668.15;117613.96;159366.00;220236.66;288881.38;352667.76
281;24;78921.43;90639.16;117411.59;159540.75;220015.22;296135.41;355644.29
282;24;79314.04;91606.78;119280.52;160314.95;221978.06;296716.25;357812.78
283;24;79855.17;91776.43;118933.98;162112.11;223209.70;301105.05;360412.08
284;24;82201.04;91149.28;119759.92;163386.65;227169.89;303943.35;367159.98
285;24;80728.94;93237.88;121488.13;164323.84;227369.73;310387.64;373950.66
286;24;79583.22;93032.52;123256.02;165945.86;231333.27;310045.67;370573.48
287;24;80176.41;94243.49;123894.24;168471.35;231520.60;319034.34;378297.01
288;24;81782.17;94983.93;123935.83;169745.63;233893.93;320493.84;383032.87
289;25;82544.68;96501.26;125402.63;169334.28;237632.19;318627.24;383547.25
290;25;81983.70;96785.36;125059.39;173205.65;237870.01;323215.16;396040.73
291;25;83619.91;97821.94;126041.25;173754.55;241733.47;326507.74;382510.15
292;25;84763.62;98117.03;127553.21;174754.14;249158.14;329979.82;395995.01
293;25;86342.60;99244.77;128713.85;177817.44;251707.99;330671.90;398735.47
294;25;87812.77;100119.88;130629.11;179113.78;253176.04;333019.92;400717.29
295;25;88890.15;101149.00;133337.15;179387.08;253559.25;330742.74;397970.98
296;25;90146.76;101526.68;134392.86;182738.13;256950.51;331659.98;406846.10
297;25;90052.36;104025.78;134459.26;183413.94;257904.93;338270.28;410064.72
298;25;90925.40;105089.55;136191.95;185272.83;261740.53;345298.07;418237.87
299;25;90093.39;105643.79;136427.67;186973.42;262690.19;344922.30;420214.42
300;25;91207.44;106003.16;137038.72;187955.80;264141.64;349336.83;429874.91
301;26;91995.56;106988.83;138571.15;189308.67;263995.36;351831.85;436767.93
302;26;91583.69;108502.48;138812.76;190267.56;265821.05;356940.48;446145.53
303;26;92927.58;106012.59;139871.40;191317.51;268384.54;357593.86;445134.89
304;26;92803.33;107017.24;142206.77;192495.62;273895.70;365807.56;453876.86
305;26;92371.57;108117.26;144279.88;195273.94;276538.49;375403.31;458226.76
306;26;93085.43;108900.38;145455.46;196375.55;280595.59;374393.85;468880.49
307;26;94757.61;109120.91;145469.40;198892.23;282937.78;377375.17;471848.84
308;26;94827.80;111416.27;146789.40;200210.93;287125.14;380427.12;485710.95
309;26;95427.67;111859.47;147892.59;201550.49;287924.50;386035.13;467692.51
310;26;96769.43;112529.07;148510.84;205392.86;286983.33;393921.07;474718.35
311;26;96786.80;113663.17;149819.41;203839.27;287387.54;396001.27;477398.09
312;26;95538.34;112546.13;152283.34;204401.14;286250.55;396044.33;478638.02
313;27;95917.99;113899.61;153968.55;207528.63;287712.60;405404.22;484525.63
314;27;97557.69;115763.49;153646.45;210036.68;291916.69;409470.84;485522.93
315;27;97230.67;114633.67;154115.11;209949.99;292588.77;410643.38;496500.91
316;27;98907.18;116564.63;156592.88;212006.14;299000.98;418714.43;504303.96
317;27;98737.67;117802.70;158712.51;215947.53;299942.26;416498.41;503462.07
318;27;100606.63;117815.38;158698.39;214229.29;303507.63;415632.34;518375.44
319;27;103170.37;119071.91;160837.84;218152.78;303546.59;426664.22;515020.91
320;27;104949.95;121215.92;161874.89;219686.23;306811.30;429973.45;534284.44
321;27;105043.34;119735.54;163584.08;223245.62;312795.45;433636.10;535732.53
322;27;105233.15;121188.30;163435.00;223028.29;313924.32;438335.76;541394.33
323;27;104140.37;121071.65;162894.16;223907.43;314529.13;434869.38;542071.71
324;27;103808.37;121741.25;164670.69;226887.66;316069.09;443668.41;542900.12
325;28;106816.57;121375.84;165859.80;228326.07;320347.72;441317.96;540550.95
326;28;108324.21;122539.09;168512.50;230521.97;324068.97;444721.17;544150.21
327;28;109506.81;124889.56;169026.20;230989.82;329733.29;447675.07;545192.31
328;28;109320.88;125756.87;172027.35;234596.95;334431.78;456353.52;557129.96
329;28;111631.21;127883.12;173720.54;237392.97;335369.57;456850.21;563545.51
330;28;113503.21;128486.52;174281.50;235606.14;332122.70;460804.74;566374.26
331;28;114355.71;129352.17;175569.08;241054.11;333268.69;466067.14;572996.67
332;28;114751.61;131763.44;176083.70;239985.25;339950.58;474303.40;582201.18
333;28;116559.73;132316.33;179107.96;242253.81;344241.61;480429.63;581558.87
334;28;116561.60;132956.82;178161.03;243223.49;346428.94;484732.07;577482.63
335;28;117493.12;134141.27;179046.60;248285.00;348471.05;493327.58;600609.90
336;28;117289.83;134473.58;178384.71;246788.15;351737.03;490814.34;593655.66
337;29;117658.82;136636.95;181488.07;247201.24;352862.22;489084.96;604059.96
338;29;118207.14;138162.80;182724.28;249754.69;355875.96;496476.18;604851.94
339;29;118942.28;138283.61;183419.48;252640.07;360780.17;498727.57;604645.19
340;29;118921.03;139174.56;182132.01;257103.02;360860.71;509686.06;610098.72
341;29;118984.71;139966.85;184020.99;256285.79;362744.65;510767.80;611943.22
342;29;121842.35;140907.80;185491.09;257741.44;365166.82;519892.74;622612.40
343;29;120394.40;143285.37;185896.39;259001.11;369201.52;521075.10;620470.23
344;29;121205.84;142047.19;187852.60;259899.27;373566.18;521003.42;627236.47
345;29;121699.13;142326.49;190067.92;264712.96;379662.62;529020.57;636179.15
346;29;123195.54;143651.44;191748.61;266401.71;378495.56;541666.61;648632.95
347;29;124768.81;145029.53;192682.49;268681.94;382965.76;542156.68;644496.69
348;29;127724.94;146680.16;195458.95;271457.99;385957.50;547152.59;650955.90
349;30;127544.61;146878.05;196813.58;270015.23;385272.35;543890.36;658074.37
350;30;125882.74;149807.44;197589.46;271387.35;390384.50;557078.28;668239.91
351;30;128883.73;150132.45;196738.27;272665.28;390947.39;549376.20;681236.71
352;30;129616.47;152343.65;197813.27;277325.43;389244.53;551445.37;691631.66
353;30;127580.76;153758.14;199473.49;278084.78;392640.94;552028.74;694988.57
354;30;129196.22;154606.83;201735.76;280731.63;397950.41;558003.62;692131.79
355;30;131749.24;156503.33;203572.50;281465.39;397347.58;564387.27;717418.77
356;30;131714.33;157042.74;204274.47;285419.31;400079.29;562491.88;706980.34
357;30;131656.43;156705.31;208319.64;288025.24;398846.77;570633.72;725838.88
358;30;133423.25;157983.45;212104.25;290858.45;404770.21;583917.78;730403.05
359;30;134743.40;157976.02;211013.89;292960.70;405678.80;598587.91;726735.27
360;30;111845.98;134663.11;186433.79;270047.88;385629.24;568015.90;712869.75
361;31;112287.58;135538.10;187937.86;270106.10;386618.53;576305.07;713667.23
362;31;113592.33;135377.37;190176.58;272242.83;393706.70;574366.21;720640.31
363;31;115126.65;137014.07;192130.39;274056.87;395416.11;588855.13;725328.29
364;31;115914.04;138414.50;193026.27;275068.87;397245.66;592345.45;730981.96
365;31;117663.23;138803.42;194659.01;275747.14;401163.40;592580.33;737999.34
366;31;117658.44;140798.96;196703.90;279199.15;401995.09;601238.12;736707.04
367;31;115156.14;139729.65;196403.14;281118.10;403048.23;607705.14;738333.71
368;31;115616.66;141110.49;194565.17;283207.24;403148.95;611248.12;760442.02
369;31;117221.76;142510.80;199889.03;285053.83;413702.60;620904.34;758700.98
370;31;117860.15;144496.83;200042.44;283930.80;419865.33;631446.85;753464.25
371;31;116944.84;144032.21;200590.56;285412.29;417202.40;631530.25;770513.52
372;31;118140.31;143514.44;203125.96;289037.17;421518.30;633216.65;771860.85
373;32;120118.63;144328.82;202972.95;289125.03;428404.23;642205.66;783928.63
374;32;121254.91;145910.02;205523.29;292267.98;429333.08;654707.20;788842.49
375;32;121278.34;146886.99;206921.28;295352.51;430554.24;642145.25;813787.53
376;32;122703.92;148330.08;206190.12;300706.87;435349.05;649716.98;824352.96
377;32;120482.18;150399.35;208130.46;303790.88;435787.33;655344.38;848535.83
378;32;123443.34;151201.77;211237.94;304602.14;446053.47;665716.37;848898.94
379;32;125423.96;153622.95;213433.13;305481.19;448647.06;674235.72;851425.22
380;32;124687.33;153700.24;216271.76;305787.79;450792.37;673537.97;873409.29
381;32;125983.28;153467.85;216700.24;309416.43;451953.40;675554.56;887686.90
382;32;130223.27;154735.09;218069.17;311499.41;461379.16;673481.10;892946.34
383;32;131771.15;157182.83;219246.77;317412.89;465546.04;669095.76;892945.82
384;32;130686.63;160081.83;222255.83;321496.41;466959.12;681421.45;907085.89
385;33;131986.42;159165.91;224150.34;322104.00;473556.06;690674.68;914463.50
386;33;132621.94;160816.80;226301.45;326966.87;476010.61;691069.80;904453.02
387;33;135248.37;163470.78;228324.57;330114.92;478534.23;711844.04;920581.58
388;33;135060.25;163956.50;227844.27;331303.75;481870.23;713847.07;933850.15
389;33;133134.14;165525.28;230661.65;329082.18;493820.84;711289.66;950556.15
390;33;133123.03;164732.84;231682.94;329092.51;499392.02;714064.59;952448.15
391;33;134974.12;165179.06;231086.55;332165.17;494185.26;716974.58;953282.99
392;33;137273.75;168284.47;234703.91;340314.47;505600.76;728508.42;951913.03
393;33;138931.95;169862.52;236060.30;341420.23;503354.66;743173.88;973993.01
394;33;137803.20;171930.79;238906.46;343527.13;504457.75;758945.87;961406.37
395;33;137730.20;169612.11;242916.29;347225.26;515295.99;756378.90;979021.37
396;33;142845.06;171723.69;243876.89;348947.26;516854.37;763381.65;984055.07
397;34;146352.04;175132.72;246019.42;353447.85;523288.06;784605.52;976297.12
398;34;147019.00;175960.78;247097.85;353723.02;522599.54;785144.08;1004866.98
399;34;147821.88;178705.02;250360.18;358887.97;523065.65;793310.55;1007288.31
400;34;146529.21;177225.57;251040.71;357146.08;523136.45;800954.44;1032919.87
401;34;145220.50;178127.41;248873.84;359734.70;527181.91;811664.82;1007857.27
402;34;147993.96;182514.38;252700.87;360978.44;536384.04;815578.22;1016921.15
403;34;150015.38;185306.19;257252.04;362555.57;534775.57;811995.33;1015186.72
404;34;151472.92;186678.59;259627.19;365895.59;543390.67;818052.28;1039878.73
405;34;149127.69;188823.75;259402.29;366383.10;540802.04;815797.67;1061074.18
406;34;149093.66;190699.30;259531.47;368591.24;536007.24;830493.73;1061791.40
407;34;150503.90;187861.87;261762.48;373632.31;545353.92;834538.54;1056329.75
408;34;149538.89;187940.27;262259.98;375441.38;548702.26;838007.11;1071983.31
409;35;149718.92;192074.57;263672.71;374243.79;557672.60;850970.36;1064739.01
410;35;151187.35;190320.12;268077.26;379079.74;562141.96;865118.96;1073514.44
411;35;154431.46;191816.26;268281.73;378566.04;568514.96;866543.98;1104304.83
412;35;155341.62;193304.33;268160.83;380891.46;566581.10;872038.35;1096292.68
413;35;158302.95;193822.63;269620.74;385474.24;568665.83;866291.42;1110402.86
414;35;156572.76;196250.40;272047.47;390466.18;570833.63;869289.54;1099317.80
415;35;159518.87;198297.83;277014.60;394853.28;570171.04;885789.97;1098468.12
416;35;160222.34;198245.48;276194.11;401327.78;574774.24;900409.11;1115662.28
417;35;160096.57;199228.72;277232.48;405961.62;580695.39;916052.50;1098667.20
418;35;168951.94;202868.74;277299.63;407246.70;598552.71;909874.95;1110425.46
419;35;165908.72;203057.35;279573.67;404169.59;596312.41;897602.05;1126423.29
420;35;165899.94;203445.41;279805.27;407628.43;601722.40;928756.58;1139017.57
421;36;168534.01;204057.64;280772.25;410143.75;603269.48;922470.20;1146925.78
422;36;171043.44;205010.96;282855.87;410981.94;600868.68;934595.08;1172114.84
423;36;170114.77;207256.41;284360.74;415425.52;611448.28;943747.20;1189703.97
424;36;171492.68;206806.96;290226.62;415521.19;619097.94;961933.09;1207423.81
425;36;174380.36;212775.31;293432.40;418799.28;628362.07;952175.97;1227869.49
426;36;170794.13;213281.41;295328.25;423770.41;628495.56;970810.26;1232261.63
427;36;168782.20;212633.33;301070.23;424647.08;637949.51;992656.16;1243949.01
428;36;171014.34;211360.67;301410.81;427532.09;639247.22;997212.42;1262854.92
429;36;172295.25;212297.40;303239.32;428980.38;643576.74;990702.01;1256787.21
430;36;173694.69;214842.84;299132.12;431531.10;651936.63;993495.04;1250785.98
431;36;172630.10;217928.47;306315.12;440012.35;663021.21;1014214.51;1267513.51
432;36;175732.84;216767.76;308221.62;448441.08;660851.11;1012112.92;1302820.39
433;37;178264.13;214776.56;307031.90;439755.71;656553.40;1020012.25;1280359.13
434;37;177568.69;215129.65;306266.43;443383.53;661492.55;1021710.44;1289449.05
435;37;177519.00;217290.25;306188.97;443743.85;660972.44;1027869.22;1285452.79
436;37;174755.06;218193.41;308518.62;443754.26;661781.88;1029147.70;1295162.83
437;37;175263.67;218101.62;307342.75;445289.40;667165.89;1028068.73;1296860.27
438;37;178060.83;218260.64;310196.91;449712.10;671232.21;1029515.07;1302272.49
439;37;177911.18;219225.38;309577.78;451201.59;664977.39;1034116.22;1368218.82
440;37;177731.33;220907.65;307702.61;450065.26;678808.86;1057473.19;1390305.21
441;37;175421.55;222833.94;312112.50;446435.90;673849.13;1052547.70;1368558.56
442;37;176595.92;219658.09;311079.47;446924.63;682456.68;1071315.54;1373107.75
443;37;179427.33;219278.91;314918.87;446220.34;685903.69;1082069.86;1357026.47
444;37;180713.87;220152.25;313458.57;452743.05;689302.12;1071083.40;1357657.54
445;38;175756.05;218084.58;308491.98;452689.57;692097.29;1069476.07;1382841.50
446;38;180820.65;219460.89;311847.69;456915.23;693663.74;1084599.50;1355193.59
447;38;178360.32;220599.39;313155.71;454237.95;689290.54;1083507.07;1354857.60
448;38;183038.86;220037.68;313380.55;455865.34;695138.51;1083345.45;1362229.53
449;38;177707.36;219121.23;312657.39;463301.26;698734.06;1098620.79;1358391.05
450;38;172498.60;216686.14;313627.72;461439.63;698445.68;1097550.63;1358897.48
451;38;177557.57;218192.66;316946.02;464226.18;721163.56;1095548.55;1398135.30
452;38;174881.42;218889.13;314507.36;465101.43;714302.35;1109808.45;1418378.77
453;38;176382.45;217104.87;313312.42;467467.11;713142.96;1094615.72;1423657.54
454;38;176132.35;218692.49;315424.40;465609.97;712914.98;1106655.37;1419215.37
455;38;181165.56;218271.45;314468.58;467421.36;716590.74;1112518.59;1415232.65
456;38;182164.44;217370.28;317511.19;467733.37;725388.24;1127196.68;1403754.04
457;39;179011.06;220728.98;315154.90;461912.67;730023.49;1127663.12;1388347.94
458;39;178266.82;222011.24;313468.17;465578.20;720133.84;1131205.85;1412658.25
459;39;180063.53;222506.10;315580.93;467905.01;725543.08;1136397.32;1441755.28
460;39;179158.40;221117.92;318554.74;471856.77;722669.42;1151134.48;1444741.96
461;39;178857.48;221088.55;316455.72;468629.12;733621.72;1156386.72;1498450.94
462;39;183468.58;222682.72;312901.19;470475.01;740955.23;1155809.22;1512192.55
463;39;179414.38;219722.88;312065.90;469127.76;741255.35;1170836.38;1487025.41
464;39;177184.89;221510.09;313196.38;474731.65;740898.29;1167131.15;1484480.15
465;39;177260.16;220909.45;318410.60;476709.31;738699.85;1183531.15;1503533.42
466;39;179452.71;218569.10;316216.41;475021.86;745266.31;1206593.35;1508070.67
467;39;178352.21;217120.32;315922.47;475636.62;741942.86;1206462.95;1524110.19
468;39;175779.53;217914.28;318079.47;472342.38;759029.52;1210209.58;1496016.31
469;40;175580.12;220090.25;316716.13;473745.44;760260.58;1222112.03;1480361.09
470;40;173103.41;220499.45;317196.48;476945.18;762320.44;1227795.20;1500681.30
471;40;174388.45;217739.31;319066.87;477443.13;764541.92;1219338.36;1510908.90
472;40;173137.35;222178.53;317312.27;482279.24;774514.97;1214501.33;1503233.65
473;40;169915.09;220940.77;319387.79;485542.87;783710.12;1228856.01;1510694.23
474;40;169281.95;218372.76;322565.47;478350.60;789527.56;1218258.94;1526126.69
475;40;169872.52;216690.15;321851.24;479848.42;788558.95;1205374.35;1570665.63
476;40;171760.30;216791.66;325286.86;485883.66;787899.99;1181596.83;1552978.69
477;40;168194.11;215408.60;327090.70;486192.11;794662.69;1205066.61;1553384.26
478;40;171381.82;215868.20;332291.14;481317.04;798665.68;1217150.73;1591775.00
479;40;168380.11;219424.95;329781.62;484397.83;797564.14;1223229.56;1589469.37
480;40;134875.34;181034.78;294514.93;446872.76;760971.53;1189925.00;1579513.64
481;41;136375.43;181189.44;297915.67;446034.87;760306.94;1219073.23;1549445.57
482;41;135975.56;179525.60;296938.45;446007.12;755106.04;1197324.81;1564009.54
483;41;134241.89;179151.89;298401.06;451815.86;755840.09;1222527.67;1596263.08
484;41;137022.45;178396.91;299309.49;452660.27;761047.33;1224858.72;1604280.60
485;41;135738.60;181569.47;297146.08;453510.02;769178.47;1212701.85;1611025.32
486;41;134613.77;181039.12;297906.33;455531.75;781558.12;1233542.40;1616102.28
487;41;136150.45;180487.87;297466.24;453723.42;776730.53;1250682.23;1620968.58
488;41;133390.46;180347.72;295387.56;455372.69;776422.48;1256095.45;1632666.40
489;41;135224.51;177735.26;295768.28;464405.56;793147.05;1246730.50;1625434.81
490;41;138494.49;178257.03;295199.53;463286.04;788488.03;1240858.17;1623748.12
491;41;137595.02;177532.99;295645.84;463492.13;783454.78;1244748.77;1644160.36
492;41;138650.24;178810.84;300444.49;463051.96;772704.67;1246676.14;1656306.58
493;42;135499.01;179321.86;296337.44;457536.96;777995.45;1269987.36;1683159.57
494;42;136213.16;175502.09;294684.67;462898.48;777315.13;1255045.29;1696852.76
495;42;135278.03;176618.56;294167.84;467073.17;787632.14;1276556.24;1685371.60
496;42;136444.88;179770.89;297201.26;465498.46;793392.39;1272767.10;1690209.95
497;42;137925.90;178861.54;296552.13;463309.64;788538.16;1304348.55;1653677.88
498;42;137219.41;181142.02;293218.01;470138.37;789750.29;1294414.56;1678426.12
499;42;134524.42;178055.89;295791.56;473036.13;787466.78;1312204.51;1641469.13
500;42;137219.39;179100.59;296045.66;477843.49;781014.73;1335426.15;1656376.39
501;42;134810.42;180804.24;296167.43;473686.81;798177.51;1356079.38;1662877.45
502;42;135324.59;176750.41;295054.03;474315.49;793376.98;1350409.22;1646025.85
503;42;135818.99;180059.75;294252.61;475821.76;799005.06;1346434.39;1673541.64
504;42;135282.18;175554.18;297626.08;475602.15;805152.98;1331205.32;1692915.71
505;43;132767.58;176794.52;298685.45;472207.24;811300.90;1329843.52;1698427.73
506;43;132879.93;178125.69;298218.29;477631.66;826067.65;1343181.12;1697724.83
507;43;133235.48;177612.67;297856.81;482163.80;818737.12;1351137.24;1717633.64
508;43;132984.53;181057.50;299748.35;491772.10;832147.60;1362236.27;1694742.34
509;43;134195.67;181560.68;299792.61;493822.03;834755.04;1378917.78;1691777.98
510;43;136282.25;176524.52;301478.93;490738.94;834210.87;1371725.05;1715203.95
511;43;133539.22;174796.62;302431.34;495527.32;832611.13;1373544.25;1695885.10
512;43;138078.95;172925.29;304067.67;494441.43;835699.50;1385834.51;1762456.61
513;43;136167.68;176286.77;304264.85;492909.14;837714.92;1377821.17;1751413.70
514;43;136050.98;174525.30;300462.34;493405.97;836851.65;1366193.56;1753234.77
515;43;138200.92;174497.85;302422.96;501542.68;851402.29;1393132.53;1776568.16
516;43;140015.43;172643.83;300134.44;503294.98;853609.77;1376632.78;1755814.50
517;44;137507.53;175848.57;299025.53;504208.99;852648.41;1383711.28;1788636.47
518;44;137934.03;174219.55;294211.95;507641.07;859061.41;1387967.58;1794045.73
519;44;137919.44;175648.22;292947.54;512112.19;851385.63;1373494.97;1803304.93
520;44;136576.12;175926.41;291654.23;513130.35;868160.09;1387459.49;1809109.50
521;44;137885.20;176803.20;291961.22;511017.27;878795.12;1404550.02;1784946.65
522;44;137116.32;179755.33;294514.65;508225.77;872059.34;1440764.01;1799280.67
523;44;135643.83;179262.91;290579.77;500077.34;884217.15;1423249.68;1819957.16
524;44;140305.69;179392.69;296534.56;505963.56;869188.92;1434154.76;1820024.46
525;44;135555.07;177133.27;295536.59;515290.41;877597.73;1436635.40;1854017.93
526;44;140782.49;176374.07;297003.05;511722.13;881243.01;1451261.02;1821580.10
527;44;139308.07;178979.97;298756.92;511911.42;880751.77;1457751.29;1856692.68
528;44;135606.78;175051.44;291027.17;520756.46;884466.54;1459420.51;1861929.01
529;45;137555.11;176135.02;297445.59;518834.51;882612.38;1428501.77;1873248.13
530;45;137434.96;174607.79;296856.09;517626.32;874635.89;1449294.00;1867094.09
531;45;134798.45;175326.09;298353.08;520864.64;874837.36;1462504.54;1871460.54
532;45;135563.28;174775.61;298601.10;518009.69;901641.47;1488249.22;1884468.91
533;45;135777.36;175373.66;302801.54;518116.01;893216.78;1524874.86;1870162.72
534;45;133504.17;173966.83;302640.46;517270.85;903063.96;1511268.15;1924495.82
535;45;133883.28;174170.83;298592.68;528557.97;901560.12;1548543.00;1941512.07
536;45;130629.10;172747.23;296051.31;533284.42;902249.17;1559314.40;1917771.84
537;45;132395.21;171599.54;296179.85;527449.61;916089.29;1557400.79;1967420.64
538;45;132831.58;172978.49;297808.68;527231.35;901063.23;1555026.00;1912285.65
539;45;130682.67;173896.60;297581.04;530996.27;931157.52;1571832.22;1980860.12
540;45;133578.03;172608.76;297953.90;533253.90;926448.35;1541365.81;1974402.28
541;46;131750.16;176171.61;296177.19;531240.36;923918.06;1545101.77;2025630.98
542;46;131828.90;174780.54;298613.75;530854.48;925137.89;1540327.91;2009329.26
543;46;130249.04;172083.44;297627.52;537520.09;928920.58;1564839.71;2023184.48
544;46;129361.04;173722.94;297325.80;533966.47;940555.66;1585004.67;2039448.55
545;46;129014.11;170396.68;299028.44;538244.51;947874.66;1591502.46;2028726.21
546;46;127099.18;171795.82;298202.91;535647.35;942003.15;1591791.99;2012267.98
547;46;126734.22;170668.65;297786.16;533996.55;949038.88;1581869.47;2043999.16
548;46;128115.24;172325.14;295560.85;540460.15;957690.38;1579817.18;2059660.26
549;46;127031.11;170814.98;298479.86;537951.80;950789.03;1575877.52;2094973.76
550;46;128019.98;169072.14;298590.89;538978.18;964282.83;1611681.84;2121503.54
551;46;127336.86;169455.65;293454.01;544613.71;969931.34;1629598.52;2153893.21
552;46;125203.09;169845.10;293558.20;541818.51;969704.62;1621033.39;2145211.60
553;47;126963.62;173557.76;292126.99;545828.38;981031.52;1612758.06;2134763.09
554;47;123971.60;175739.50;293207.97;552746.91;976194.53;1636242.63;2154831.52
555;47;124198.74;172008.35;293882.65;550399.04;968753.22;1635702.03;2108450.57
556;47;126648.86;171886.07;297512.24;553779.72;967963.31;1646304.26;2136639.95
557;47;126830.52;170300.31;288622.23;554894.08;972750.58;1631385.91;2144965.73
558;47;126446.80;167754.53;294909.44;547349.18;978233.16;1629386.19;2155239.94
559;47;124071.93;168377.26;292962.30;554989.19;969588.64;1651773.40;2202035.32
560;47;124480.42;168239.17;292759.69;550740.71;967122.16;1623026.12;2212177.17
561;47;124203.68;169952.99;289291.27;559925.88;977304.79;1642053.61;2209250.18
562;47;124082.15;169064.85;296103.04;560623.41;979173.45;1661692.77;2208957.26
563;47;123451.21;169161.31;295815.76;553424.36;993855.04;1652117.35;2258696.14
564;47;124351.46;172987.98;292562.92;560780.72;989684.75;1669340.24;2243386.05
565;48;122467.06;172485.21;292726.59;557810.55;993085.58;1676455.93;2239866.35
566;48;122525.50;173687.93;287357.12;558473.95;992013.76;1659611.35;2252424.15
567;48;120329.96;167661.77;288620.45;561089.52;991858.00;1658820.95;2305333.67
568;48;121218.05;170777.55;291505.23;562553.83;1004766.09;1631216.56;2306597.67
569;48;121904.44;169220.79;293173.60;561828.12;989260.11;1684144.22;2313230.06
570;48;120495.46;164528.01;297333.76;557725.10;985678.14;1686427.26;2365515.18
571;48;123322.01;166576.74;295674.42;561961.15;1001064.94;1664540.53;2337185.90
572;48;122440.86;163185.26;292296.80;556744.72;1012689.65;1663260.03;2346734.67
573;48;122918.56;161547.25;294101.40;559899.47;998895.50;1700927.46;2387478.02
574;48;120447.46;160643.67;294899.66;559529.57;995055.16;1712194.05;2354340.64
575;48;119054.07;161538.69;292708.82;555586.05;1008808.52;1720554.74;2321686.64
576;48;114526.12;160553.34;295129.92;564175.04;997164.06;1751119.79;2343046.09
577;49;116549.48;161595.56;294233.81;559710.97;991610.37;1729700.11;2352136.88
578;49;114009.75;166601.53;297792.75;565780.13;999320.41;1787024.91;2365889.41
579;49;116398.91;162335.77;293968.45;563468.84;1015938.02;1810349.05;2388054.68
580;49;116730.21;162788.78;298983.41;565502.36;1014991.93;1831445.87;2363480.52
581;49;112851.12;162426.65;300361.57;566236.23;1011603.94;1838934.58;2405855.70
582;49;112080.83;161505.25;302114.89;558597.10;1017013.21;1836311.40;2462891.14
583;49;112600.21;159161.06;300630.47;563570.94;1027324.55;1840819.67;2402587.08
584;49;110995.42;160779.94;298343.80;559283.14;1026910.54;1859128.01;2362185.29
585;49;110994.31;156317.41;296970.75;559710.89;1030482.89;1864450.07;2374016.93
586;49;107780.19;157940.41;298407.40;563233.96;1024156.37;1870968.97;2389232.68
587;49;107876.17;157887.20;295534.76;568438.99;1018661.06;1890650.94;2449933.46
588;49;108540.45;153732.40;296933.49;567480.94;1018245.20;1879482.96;2430887.23
589;50;108287.55;154917.95;295020.73;562794.74;1021851.02;1882040.01;2426675.96
590;50;110429.51;157046.68;295424.10;562660.68;1016378.61;1923359.07;2425341.10
591;50;108752.68;154919.20;290810.88;562381.36;1016773.49;1918188.44;2428479.87
592;50;109339.95;152553.11;288814.25;572473.71;1023728.73;1930417.20;2460169.30
593;50;106520.48;152284.40;288953.82;567996.73;1020701.77;1936645.65;2454205.94
594;50;109680.65;152562.16;291128.95;566629.79;1019458.83;1970593.34;2424439.02
595;50;108066.18;153005.70;285947.53;565099.79;1031666.92;1977999.89;2436682.79
596;50;107190.55;152396.49;288895.19;578647.78;1037698.70;2004781.10;2459712.23
597;50;106204.17;152332.20;283763.00;575956.12;1040041.77;1968920.97;2451033.13
598;50;106138.14;153101.64;289031.31;573032.54;1021360.35;1991404.71;2446354.63
599;50;106324.73;153573.37;292145.44;574966.58;1025838.63;2019832.39;2532934.53
600;50;60778.45;104596.43;242018.10;532649.65;986282.13;2001113.05;2509987.93
601;51;60034.76;102451.37;244714.17;534302.27;984392.88;1965801.76;2576382.65
602;51;57952.54;101970.72;241226.52;537361.91;998428.57;1974801.75;2556442.43
603;51;56450.16;101615.11;243202.85;539972.62;1000936.01;1964640.72;2609646.79
604;51;54158.43;101441.18;241393.20;536466.14;996569.71;1983378.22;2661040.12
605;51;53578.54;99315.41;241038.23;540078.26;1001459.42;1992446.24;2617712.22
606;51;53479.05;98707.97;239784.51;535282.64;1013056.83;2031473.11;2634141.29
607;51;51705.25;101664.01;241513.19;535128.39;1027475.53;1965425.70;2610763.53
608;51;50300.26;99640.93;234641.58;536897.06;1025243.37;2009169.70;2639843.46
609;51;50774.50;96714.50;236180.01;535391.58;1031023.19;2048811.75;2665353.62
610;51;51115.84;98089.35;235105.22;531521.75;1038281.15;2009485.89;2659480.83
611;51;50021.03;96790.92;230843.06;537137.07;1043446.18;2027796.20;2665454.48
612;51;49023.90;94833.68;230875.52;531563.55;1053756.31;2014559.81;2704564.30
613;52;47197.56;96584.52;234621.21;535531.42;1037476.34;2055206.06;2724031.16
614;52;47091.23;94097.69;231499.85;542000.81;1067361.14;2041245.72;2718984.17
615;52;46909.87;93436.34;232976.13;542538.64;1069202.88;2032960.90;2699996.90
616;52;45041.46;91921.60;231915.74;546453.28;1082863.95;2095605.91;2742735.72
617;52;43165.62;90372.82;230122.86;544908.72;1073833.82;2037705.06;2774224.68
618;52;42576.24;91212.22;227099.02;548745.05;1086235.49;2043062.73;2769763.45
619;52;42480.47;91457.37;224419.11;548169.32;1084467.72;2031262.73;2806206.81
620;52;42356.14;89267.80;226582.22;543083.19;1105045.05;2093234.50;2838110.38
621;52;41840.07;89096.84;226396.67;549030.84;1109005.73;2065639.04;2785484.38
622;52;41465.46;88258.48;224631.22;550823.98;1106996.33;2044935.28;2792629.42
623;52;39974.19;87535.67;221193.30;541798.17;1102165.84;2060852.26;2796341.69
624;52;38885.16;83965.91;220705.61;535458.87;1106502.31;2086040.47;2818216.37
625;53;38536.34;84595.28;217877.83;540342.92;1110118.24;2081889.59;2912628.54
626;53;37580.13;82577.17;220445.11;538291.82;1105613.45;2066059.57;2922046.08
627;53;36629.59;83997.40;218560.30;536706.66;1124650.37;2089887.45;2915797.15
628;53;33100.91;82734.89;218577.46;531557.31;1114673.66;2059612.44;2899088.98
629;53;31585.15;81156.74;219432.24;534254.13;1121385.24;2063510.05;2911954.54
630;53;30478.98;80626.87;216689.56;533580.84;1137038.25;2102928.03;2926090.64
631;53;28335.61;77659.73;218765.50;537420.92;1141397.35;2069527.06;2966362.23
632;53;24847.04;76741.46;219254.41;544808.34;1170267.42;2059114.76;2988003.56
633;53;24109.55;75638.75;219139.51;537982.85;1157102.06;2075838.12;2998788.51
634;53;23274.90;77245.85;219262.74;543384.85;1166712.72;2109710.28;3011691.13
635;53;22256.10;73030.82;219783.74;538537.33;1150570.17;2137228.74;3041011.75
636;53;21658.20;72343.35;217184.99;538712.86;1137156.36;2136848.83;3061349.37
637;54;20750.24;72103.12;221543.47;543895.16;1126673.49;2174197.44;3067857.29
638;54;18966.06;74163.83;219394.67;543705.08;1142761.54;2135589.26;3047460.02
639;54;16618.46;73066.40;218936.44;547243.80;1132987.85;2164719.33;3100861.47
640;54;14933.58;70809.04;223376.22;546816.34;1163528.08;2128880.45;3172635.75
641;54;13800.68;71301.98;222744.17;543648.10;1155583.99;2154326.67;3177685.83
642;54;12564.85;69915.94;221632.94;554535.89;1128120.89;2213909.05;3228323.47
643;54;10214.51;69116.43;221265.49;549910.68;1147016.11;2200485.30;3170301.63
644;54;8715.54;68558.28;219796.06;559170.50;1176115.39;2168409.85;3204801.85
645;54;7831.66;67503.06;221546.88;555682.85;1188172.48;2175947.33;3242296.22
646;54;6872.79;66575.54;226608.39;561122.14;1190218.60;2194073.03;3237452.54
647;54;5316.54;65630.40;223282.85;558528.60;1177706.87;2179529.19;3282157.86
648;54;4468.81;61701.62;219439.54;558910.75;1165475.35;2219116.88;3257121.59
649;55;3754.42;63855.39;220976.94;555753.63;1183676.91;2216429.62;3229691.81
650;55;2805.41;64091.97;222388.64;554618.18;1178450.18;2248477.56;3342954.96
651;55;1799.34;61862.28;220173.64;550906.47;1185296.71;2242619.18;3263468.67
652;55;258.79;62557.79;217935.81;557970.35;1178693.01;2287218.95;3295305.54
653;55;0.00;62157.50;216863.04;557359.81;1200082.95;2327668.63;3307129.57
654;55;0.00;62390.52;215820.14;551408.61;1190411.16;2311159.43;3298817.42
655;55;0.00;59521.21;217272.52;550993.40;1191880.63;2338786.19;3249364.06
656;55;0.00;60466.61;214484.63;544012.54;1207491.71;2326175.76;3291948.28
657;55;0.00;60185.82;213677.48;555024.03;1189206.44;2340567.68;3301883.61
658;55;0.00;58265.08;210449.74;560036.52;1202949.13;2348276.26;3407198.89
659;55;0.00;57327.45;210651.77;563345.98;1196725.17;2395821.68;3442967.83
660;55;0.00;57219.58;214563.47;548262.29;1214552.47;2367564.18;3385856.22
661;56;0.00;56658.10;212105.95;563213.08;1217264.87;2382476.51;3511470.77
662;56;0.00;56553.65;210941.17;561047.41;1221071.83;2391501.74;3462045.06
663;56;0.00;57356.66;213315.44;562056.78;1237687.54;2467109.48;3529968.89
664;56;0.00;54187.82;209127.73;560641.74;1241936.99;2459463.10;3565225.38
665;56;0.00;52208.73;212258.80;565208.26;1237098.70;2439034.02;3470042.02
666;56;0.00;52025.71;211698.72;562262.87;1225677.28;2512704.24;3481944.57
667;56;0.00;52484.41;207737.90;559347.24;1239657.10;2522987.05;3500361.51
668;56;0.00;49870.73;204215.51;565475.33;1242532.31;2543627.54;3524572.72
669;56;0.00;49960.82;211134.50;568002.85;1242102.65;2461145.92;3566949.85
670;56;0.00;46950.86;208160.37;568418.79;1249482.94;2510192.17;3534008.13
671;56;0.00;46494.39;204870.18;569207.01;1259041.66;2527205.58;3562364.95
672;56;0.00;45057.20;201062.29;556393.97;1276185.27;2540878.05;3568743.72
673;57;0.00;43121.48;206289.15;551594.09;1270642.61;2559516.00;3557119.37
674;57;0.00;42505.69;205560.40;558449.14;1283562.37;2547301.17;3742730.07
675;57;0.00;40676.72;207864.56;549211.75;1290385.05;2553695.46;3710635.81
676;57;0.00;40654.59;202924.60;549753.81;1299920.23;2565657.28;3875670.98
677;57;0.00;39630.34;199598.61;552999.13;1301445.12;2556365.45;3798801.47
678;57;0.00;37932.00;201582.71;560345.16;1314029.17;2560667.99;3838471.42
679;57;0.00;36213.50;199984.58;570719.72;1320773.46;2572359.89;3798429.10
680;57;0.00;35366.64;200060.56;564944.69;1321515.48;2603819.69;3869676.63
681;57;0.00;32648.54;201119.01;576273.87;1319045.64;2658924.17;3954555.99
682;57;0.00;30478.30;201104.25;574912.66;1325835.57;2618087.47;4006146.67
683;57;0.00;29096.24;200878.07;586583.02;1324859.81;2606087.85;3985652.06
684;57;0.00;29174.86;202976.51;583821.88;1343841.41;2678210.79;3988959.84
685;58;0.00;27995.90;199698.42;582541.31;1323165.52;2700003.09;3930500.92
686;58;0.00;25716.85;202640.72;586712.77;1372809.27;2693289.18;4005935.63
687;58;0.00;23281.93;204152.61;584599.11;1365227.98;2749283.89;4003367.82
688;58;0.00;23332.55;203219.45;569337.26;1356085.27;2759137.79;3979395.62
689;58;0.00;21993.94;201660.24;575348.54;1356422.79;2800752.18;4039828.31
690;58;0.00;21011.14;199719.54;583248.47;1350198.09;2753539.61;4087636.60
691;58;0.00;19334.69;201606.94;579440.10;1363149.38;2832608.87;4155299.30
692;58;0.00;17054.54;202905.98;572507.09;1368146.63;2829073.63;4034961.32
693;58;0.00;13271.17;194668.00;563059.39;1363718.27;2838997.12;4106163.20
694;58;0.00;11711.93;200489.06;581125.92;1361689.50;2922565.86;3953666.05
695;58;0.00;10883.97;198545.37;580627.89;1362950.00;2899997.75;3907818.42
696;58;0.00;9238.67;196922.42;584773.23;1395925.01;2911802.43;4011456.23
697;59;0.00;6677.92;195958.05;579124.91;1370291.77;2894569.98;3976398.15
698;59;0.00;5478.28;196571.53;584691.31;1376441.87;2971813.58;4085746.13
699;59;0.00;4302.73;194791.54;585939.00;1394259.10;2938449.21;4192555.98
700;59;0.00;2586.87;191675.84;589303.43;1373686.57;2970153.69;4186347.87
701;59;0.00;493.24;190932.10;599534.38;1380803.10;2974075.66;4182014.78
702;59;0.00;0.00;188915.04;596537.73;1394469.92;2965135.38;4260928.47
703;59;0.00;0.00;189353.22;591028.48;1425724.21;2992632.24;4336316.01
704;59;0.00;0.00;190569.38;592129.97;1406320.12;2939104.54;4372371.66
705;59;0.00;0.00;193204.80;592644.71;1419804.11;3005632.08;4434441.12
706;59;0.00;0.00;191408.97;590333.74;1427986.02;3017301.33;4409139.77
707;59;0.00;0.00;186772.38;599300.46;1440376.84;3036956.64;4512437.37
708;59;0.00;0.00;187405.15;593523.18;1428388.31;3065634.51;4531815.34
709;60;0.00;0.00;186118.99;596402.39;1449938.24;3137882.94;4606532.65
710;60;0.00;0.00;187723.61;600532.64;1445360.24;3108876.15;4564752.67
711;60;0.00;0.00;181823.30;593209.42;1461079.46;3158089.22;4568001.48
712;60;0.00;0.00;182835.11;582550.71;1476269.40;3130685.59;4594019.14
713;60;0.00;0.00;180905.03;587093.59;1485461.26;3111373.14;4577533.38
714;60;0.00;0.00;184174.45;589059.47;1478786.75;3093378.75;4594296.09
715;60;0.00;0.00;189475.63;595787.45;1449641.65;3096506.85;4671936.82
716;60;0.00;0.00;187716.90;585587.51;1478074.89;3147922.48;4584578.73
717;60;0.00;0.00;183248.02;584750.24;1474144.36;3158301.98;4589287.03
718;60;0.00;0.00;183770.45;591031.03;1483326.26;3224917.58;4616490.30
719;60;0.00;0.00;185823.41;596755.17;1509183.05;3209122.75;4573875.25
720;60;0.00;0.00;118907.75;541783.66;1438796.69;3091420.14;4701750.12
721;61;0.00;0.00;118935.15;540584.68;1449619.59;3140119.75;4932269.25
722;61;0.00;0.00;117122.54;540716.95;1445080.97;3158369.33;4887093.00
723;61;0.00;0.00;112203.97;532435.99;1422948.00;3108144.16;4919413.97
724;61;0.00;0.00;112069.97;535483.47;1467355.66;3186696.66;4977784.95
725;61;0.00;0.00;114157.88;541572.17;1465231.58;3207088.60;5057699.22
726;61;0.00;0.00;108894.24;535667.40;1472600.48;3186990.17;5097592.63
727;61;0.00;0.00;108085.99;533480.84;1479986.19;3263975.96;5008014.31
728;61;0.00;0.00;115238.00;540553.71;1479456.24;3256311.27;5004083.09
729;61;0.00;0.00;109061.95;537892.00;1489370.70;3305024.70;4923389.80
730;61;0.00;0.00;109620.65;541927.43;1461972.48;3193817.87;4898277.26
731;61;0.00;0.00;109387.98;538345.25;1502535.47;3262233.64;4886902.18
732;61;0.00;0.00;107260.75;539009.66;1504694.57;3269769.60;5076842.02
733;62;0.00;0.00;104562.26;544218.23;1509569.13;3232575.77;5112108.05
734;62;0.00;0.00;104369.38;536565.54;1519130.87;3319799.06;4945348.21
735;62;0.00;0.00;103006.88;534898.18;1543278.09;3252363.33;4962955.90
736;62;0.00;0.00;99239.78;537937.67;1528304.59;3241853.73;5156984.97
737;62;0.00;0.00;99370.34;534546.20;1554907.75;3240213.63;5142669.90
738;62;0.00;0.00;95057.22;538095.09;1546916.43;3230507.46;5093416.17
739;62;0.00;0.00;94561.60;548143.53;1542968.90;3336857.92;5098971.98
740;62;0.00;0.00;91013.85;544475.75;1581237.60;3293407.01;5209828.77
741;62;0.00;0.00;90582.27;543344.99;1581703.70;3398068.45;5197058.95
742;62;0.00;0.00;86517.44;552520.44;1572905.43;3397597.16;5200775.34
743;62;0.00;0.00;85587.43;552534.51;1586697.80;3440866.21;5302440.29
744;62;0.00;0.00;80757.33;550665.96;1629501.62;3419075.24;5434745.07
745;63;0.00;0.00;82209.81;546053.76;1638777.68;3479979.67;5315449.51
746;63;0.00;0.00;81051.00;544697.31;1637977.72;3524627.36;5328159.18
747;63;0.00;0.00;79147.91;540438.58;1639783.48;3512136.83;5339753.20
748;63;0.00;0.00;78140.17;543481.40;1658739.33;3540646.48;5425788.14
749;63;0.00;0.00;78315.32;539414.44;1654884.05;3556890.50;5484939.39
750;63;0.00;0.00;77502.90;540778.54;1610765.10;3507731.35;5649699.27
751;63;0.00;0.00;73159.04;547903.01;1627169.30;3627572.15;5809105.21
752;63;0.00;0.00;72308.92;550179.88;1649871.80;3571528.28;5868519.18
753;63;0.00;0.00;70114.00;549137.25;1623953.10;3596466.34;5789251.64
754;63;0.00;0.00;68908.72;540091.87;1628774.76;3658687.31;5891984.31
755;63;0.00;0.00;66682.77;548383.66;1646397.90;3709620.56;6020907.93
756;63;0.00;0.00;63497.65;541812.54;1648945.50;3775668.80;6102326.79
757;64;0.00;0.00;60226.99;533167.04;1643351.11;3750440.03;6202034.67
758;64;0.00;0.00;61131.11;543514.28;1663698.11;3782003.92;5926307.49
759;64;0.00;0.00;58059.02;537899.62;1680834.59;3816976.81;6108063.10
760;64;0.00;0.00;54608.72;535469.50;1689699.76;3814016.59;6254213.58
761;64;0.00;0.00;53526.32;541360.69;1671444.32;3790918.83;6405360.04
762;64;0.00;0.00;54179.79;539474.03;1670238.60;3854033.65;6272836.62
763;64;0.00;0.00;50565.60;545850.96;1676101.04;3754904.91;6287367.27
764;64;0.00;0.00;49821.57;541220.59;1717745.96;3804633.75;6282695.14
765;64;0.00;0.00;46134.02;542509.57;1715507.46;3765304.69;6433676.48
766;64;0.00;0.00;46474.96;529654.04;1742014.51;3779646.46;6383285.33
767;64;0.00;0.00;42890.43;532203.82;1698159.92;3819550.70;6657951.27
768;64;0.00;0.00;42143.07;528791.92;1699241.56;3816722.25;6905402.32
769;65;0.00;0.00;43310.94;533831.25;1719200.11;3867790.52;6646235.46
770;65;0.00;0.00;40463.53;537879.20;1697647.23;3868497.49;6546035.14
771;65;0.00;0.00;37007.08;538855.29;1711451.83;3861027.47;6597339.45
772;65;0.00;0.00;37175.19;549604.74;1738499.33;3928686.88;6441887.28
773;65;0.00;0.00;32864.87;539492.61;1748596.62;4021752.11;6654129.95
774;65;0.00;0.00;30616.58;535060.61;1793067.30;4033171.14;6681300.45
775;65;0.00;0.00;29397.13;528301.64;1778475.90;3919101.57;6690543.75
776;65;0.00;0.00;27999.50;533027.52;1816293.65;3962851.28;6800100.02
777;65;0.00;0.00;26241.45;535807.66;1792103.09;3934923.15;6940130.02
778;65;0.00;0.00;24858.04;535591.76;1820597.20;3885590.67;6774716.81
779;65;0.00;0.00;23164.00;537175.28;1832189.45;3876849.70;6647237.91
780;65;0.00;0.00;21481.26;538620.19;1813293.32;3903421.87;6817532.20
781;66;0.00;0.00;19518.09;537201.18;1862216.33;3995610.99;6812062.55
782;66;0.00;0.00;18286.84;544073.52;1839843.82;4094769.04;6790629.33
783;66;0.00;0.00;15970.79;531576.27;1819212.56;4051738.34;6783846.37
784;66;0.00;0.00;15043.58;530819.60;1805308.88;4106962.75;6958183.31
785;66;0.00;0.00;14550.17;526551.89;1798209.01;4097585.82;6998791.25
786;66;0.00;0.00;12679.74;525495.25;1834706.01;4105173.10;7077628.84
787;66;0.00;0.00;9601.26;526654.46;1814467.92;4167186.60;7104566.05
788;66;0.00;0.00;7820.61;531668.96;1809214.03;4154557.89;7163549.52
789;66;0.00;0.00;6112.76;525425.85;1864704.29;4124479.59;6987172.99
790;66;0.00;0.00;4631.37;538718.94;1854803.02;4102747.62;7092819.12
791;66;0.00;0.00;3778.48;540765.78;1884648.74;4011006.83;7230855.84
792;66;0.00;0.00;2990.65;531587.41;1891382.52;4161947.63;7558646.39